{
  "timestamp": "20251021_191416",
  "total_positions": 10722,
  "total_frames": 499,
  "players": {
    "2": {
      "jersey": 1,
      "name": "Courtois",
      "team_id": 1,
      "frames_tracked": 497,
      "avg_position": {
        "x": 6735.002488564198,
        "y": 7007.9091737927565
      },
      "position_variance": {
        "x": 160513.46679132344,
        "y": 267229.25417974434
      }
    },
    "8": {
      "jersey": 1,
      "name": "ter Stegen",
      "team_id": 2,
      "frames_tracked": 497,
      "avg_position": {
        "x": 6244.398816728496,
        "y": 6341.353828046404
      },
      "position_variance": {
        "x": 312509.79092290765,
        "y": 164761.21099010872
      }
    },
    "9": {
      "jersey": 2,
      "name": "Dest",
      "team_id": 2,
      "frames_tracked": 497,
      "avg_position": {
        "x": 9614.355623978245,
        "y": 5312.665560747297
      },
      "position_variance": {
        "x": 548110.2451898489,
        "y": 460766.46814367507
      }
    },
    "3": {
      "jersey": 2,
      "name": "Carvajal",
      "team_id": 1,
      "frames_tracked": 494,
      "avg_position": {
        "x": 10468.680248924595,
        "y": 4791.062760449614
      },
      "position_variance": {
        "x": 294963.1809918692,
        "y": 936798.238308367
      }
    },
    "22": {
      "jersey": 3,
      "name": "Pique",
      "team_id": 2,
      "frames_tracked": 497,
      "avg_position": {
        "x": 5125.241527779961,
        "y": 4649.121198872925
      },
      "position_variance": {
        "x": 761559.7049655826,
        "y": 284446.05984908424
      }
    },
    "5": {
      "jersey": 3,
      "name": "Militao",
      "team_id": 1,
      "frames_tracked": 490,
      "avg_position": {
        "x": 8799.67691924426,
        "y": 4706.681066147162
      },
      "position_variance": {
        "x": 1466514.3979356904,
        "y": 615173.7810844767
      }
    },
    "11": {
      "jersey": 4,
      "name": "Lenglet",
      "team_id": 2,
      "frames_tracked": 496,
      "avg_position": {
        "x": 8560.261552379978,
        "y": 4624.444192701771
      },
      "position_variance": {
        "x": 978914.9101358823,
        "y": 453984.62505266716
      }
    },
    "12": {
      "jersey": 5,
      "name": "Alba",
      "team_id": 2,
      "frames_tracked": 497,
      "avg_position": {
        "x": 4836.242384973906,
        "y": 3084.44578653562
      },
      "position_variance": {
        "x": 845101.1040607239,
        "y": 751654.2298921428
      }
    },
    "10": {
      "jersey": 6,
      "name": "Busquets",
      "team_id": 2,
      "frames_tracked": 497,
      "avg_position": {
        "x": 7905.688695650465,
        "y": 2982.556580695108
      },
      "position_variance": {
        "x": 1287470.4158740076,
        "y": 805352.7937249864
      }
    },
    "14": {
      "jersey": 4,
      "name": "Alaba",
      "team_id": 1,
      "frames_tracked": 213,
      "avg_position": {
        "x": 6474.712849361796,
        "y": 4745.558132977553
      },
      "position_variance": {
        "x": 333421.98300102225,
        "y": 439057.0608764123
      }
    },
    "7": {
      "jersey": 7,
      "name": "Pedri",
      "team_id": 2,
      "frames_tracked": 495,
      "avg_position": {
        "x": 6757.193939393939,
        "y": 4977.705990076547
      },
      "position_variance": {
        "x": 1496635.1831059752,
        "y": 321081.7557965515
      }
    },
    "6": {
      "jersey": 8,
      "name": "De Jong",
      "team_id": 2,
      "frames_tracked": 487,
      "avg_position": {
        "x": 7188.8619076456625,
        "y": 3735.0090833346703
      },
      "position_variance": {
        "x": 1127365.8656002353,
        "y": 730688.8430990134
      }
    },
    "16": {
      "jersey": 5,
      "name": "Mendy",
      "team_id": 1,
      "frames_tracked": 490,
      "avg_position": {
        "x": 4610.668233816964,
        "y": 4563.374281529018
      },
      "position_variance": {
        "x": 926867.0933931686,
        "y": 222573.76041141312
      }
    },
    "4": {
      "jersey": 9,
      "name": "Dembele",
      "team_id": 2,
      "frames_tracked": 497,
      "avg_position": {
        "x": 8750.509500361544,
        "y": 3726.841346418354
      },
      "position_variance": {
        "x": 874147.9372018353,
        "y": 718404.9182279536
      }
    },
    "21": {
      "jersey": 6,
      "name": "Casemiro",
      "team_id": 1,
      "frames_tracked": 497,
      "avg_position": {
        "x": 7706.769849566147,
        "y": 3547.232470015405
      },
      "position_variance": {
        "x": 1066775.108178684,
        "y": 657031.2235034006
      }
    },
    "13": {
      "jersey": 7,
      "name": "Modric",
      "team_id": 1,
      "frames_tracked": 497,
      "avg_position": {
        "x": 9284.547116684482,
        "y": 2904.712198483872
      },
      "position_variance": {
        "x": 593474.2046206474,
        "y": 564610.7004671257
      }
    },
    "15": {
      "jersey": 8,
      "name": "Kroos",
      "team_id": 1,
      "frames_tracked": 497,
      "avg_position": {
        "x": 5803.051674794863,
        "y": 2711.945889939245
      },
      "position_variance": {
        "x": 514434.3498549799,
        "y": 525070.5455770293
      }
    },
    "20": {
      "jersey": 9,
      "name": "Vinicius",
      "team_id": 1,
      "frames_tracked": 497,
      "avg_position": {
        "x": 6885.528408733652,
        "y": 4944.832760233275
      },
      "position_variance": {
        "x": 1768050.800677682,
        "y": 364325.42310943437
      }
    },
    "17": {
      "jersey": 10,
      "name": "Depay",
      "team_id": 2,
      "frames_tracked": 497,
      "avg_position": {
        "x": 4946.643000581615,
        "y": 1991.3152862487425
      },
      "position_variance": {
        "x": 831330.2293847394,
        "y": 850686.2426817988
      }
    },
    "19": {
      "jersey": 10,
      "name": "Benzema",
      "team_id": 1,
      "frames_tracked": 132,
      "avg_position": {
        "x": 4476.739516749527,
        "y": 1776.262332800663
      },
      "position_variance": {
        "x": 662935.5683217479,
        "y": 174785.81744311927
      }
    },
    "23": {
      "jersey": 11,
      "name": "Asensio",
      "team_id": 1,
      "frames_tracked": 123,
      "avg_position": {
        "x": 7240.699317994156,
        "y": 1934.5317923693153
      },
      "position_variance": {
        "x": 2955916.9025511467,
        "y": 127311.25461184666
      }
    },
    "1": {
      "jersey": 1,
      "name": "Player 1",
      "team_id": 1,
      "frames_tracked": 49,
      "avg_position": {
        "x": 1735.058763153699,
        "y": 4336.447998046875
      },
      "position_variance": {
        "x": 7695.154910279667,
        "y": 11098.381598051714
      }
    },
    "18": {
      "jersey": 18,
      "name": "Player 18",
      "team_id": 1,
      "frames_tracked": 7,
      "avg_position": {
        "x": 10321.068777901786,
        "y": 7454.267159598215
      },
      "position_variance": {
        "x": 17477.911306342303,
        "y": 766.5670954451269
      }
    },
    "24": {
      "jersey": 24,
      "name": "Player 24",
      "team_id": 1,
      "frames_tracked": 486,
      "avg_position": {
        "x": 9573.317849995177,
        "y": 6361.343580206726
      },
      "position_variance": {
        "x": 880174.96331611,
        "y": 218928.71326329594
      }
    },
    "29": {
      "jersey": 29,
      "name": "Player 29",
      "team_id": 1,
      "frames_tracked": 1,
      "avg_position": {
        "x": 7086.11376953125,
        "y": 4138.8837890625
      },
      "position_variance": {
        "x": 0.0,
        "y": 0.0
      }
    },
    "31": {
      "jersey": 31,
      "name": "Player 31",
      "team_id": 1,
      "frames_tracked": 51,
      "avg_position": {
        "x": 6620.401099111519,
        "y": 1036.7387575635723
      },